{
    "current_scene": "Taiko 3",
    "current_program_scene": "Taiko 3",
    "scene_order": [
        {
            "name": "Taiko 1"
        },
        {
            "name": "Taiko 2"
        },
        {
            "name": "Taiko 3"
        }
    ],
    "name": "OBS TAIKO PACK",
    "groups": [],
    "quick_transitions": [],
    "transitions": [],
    "saved_projectors": [],
    "current_transition": "자르기",
    "transition_duration": 50,
    "preview_locked": false,
    "scaling_enabled": false,
    "scaling_level": 0,
    "scaling_off_x": 0.0,
    "scaling_off_y": 0.0,
    "modules": {
        "scripts-tool": [],
        "output-timer": {
            "streamTimerHours": 0,
            "streamTimerMinutes": 0,
            "streamTimerSeconds": 30,
            "recordTimerHours": 0,
            "recordTimerMinutes": 0,
            "recordTimerSeconds": 30,
            "autoStartStreamTimer": false,
            "autoStartRecordTimer": false,
            "pauseRecordTimer": true
        },
        "auto-scene-switcher": {
            "interval": 300,
            "non_matching_scene": "",
            "switch_if_not_matching": false,
            "active": false,
            "switches": []
        },
        "captions": {
            "source": "",
            "enabled": false,
            "lang_id": 1042,
            "provider": "mssapi"
        }
    },
    "sources": [
        {
            "prev_ver": 503382018,
            "name": "Audio",
            "uuid": "809a7b21-d189-4922-855e-1badaeea88b0",
            "id": "wasapi_input_capture",
            "versioned_id": "wasapi_input_capture",
            "settings": {
                "device_id": "{0.0.1.00000000}.{882c006c-c587-4b1b-8e94-cce864d916aa}"
            },
            "mixers": 255,
            "sync": 0,
            "flags": 0,
            "volume": 0.69890838861465454,
            "balance": 0.5,
            "enabled": true,
            "muted": false,
            "push-to-mute": false,
            "push-to-mute-delay": 0,
            "push-to-talk": false,
            "push-to-talk-delay": 0,
            "hotkeys": {
                "libobs.mute": [],
                "libobs.unmute": [],
                "libobs.push-to-mute": [],
                "libobs.push-to-talk": []
            },
            "deinterlace_mode": 0,
            "deinterlace_field_order": 0,
            "monitoring_type": 0,
            "private_settings": {},
            "filters": [
                {
                    "prev_ver": 503382018,
                    "name": "VST 2.x 플러그인",
                    "uuid": "2fc4bb89-4757-4a03-9603-9a8724d1ccf1",
                    "id": "vst_filter",
                    "versioned_id": "vst_filter",
                    "settings": {
                        "chunk_data": "",
                        "chunk_hash": "",
                        "open_when_active_vst_settings": false,
                        "plugin_path": ""
                    },
                    "mixers": 255,
                    "sync": 0,
                    "flags": 0,
                    "volume": 1.0,
                    "balance": 0.5,
                    "enabled": true,
                    "muted": false,
                    "push-to-mute": false,
                    "push-to-mute-delay": 0,
                    "push-to-talk": false,
                    "push-to-talk-delay": 0,
                    "hotkeys": {},
                    "deinterlace_mode": 0,
                    "deinterlace_field_order": 0,
                    "monitoring_type": 0,
                    "private_settings": {}
                }
            ]
        },
        {
            "prev_ver": 503382018,
            "name": "IMG",
            "uuid": "3f8fae87-0ead-4680-90f6-cd6ae91041a4",
            "id": "browser_source",
            "versioned_id": "browser_source",
            "settings": {
                "url": "https://taikonojiiro.github.io/Taiko_Nojiiro/TaikoNojiiro_JP/OBS%20Studio/Taiko%20For%20OBS.png",
                "width": 1920,
                "height": 1080
            },
            "mixers": 255,
            "sync": 0,
            "flags": 0,
            "volume": 1.0,
            "balance": 0.5,
            "enabled": true,
            "muted": false,
            "push-to-mute": false,
            "push-to-mute-delay": 0,
            "push-to-talk": false,
            "push-to-talk-delay": 0,
            "hotkeys": {
                "libobs.mute": [],
                "libobs.unmute": [],
                "libobs.push-to-mute": [],
                "libobs.push-to-talk": [],
                "ObsBrowser.Refresh": []
            },
            "deinterlace_mode": 0,
            "deinterlace_field_order": 0,
            "monitoring_type": 0,
            "private_settings": {}
        },
        {
            "prev_ver": 503382018,
            "name": "IMG2",
            "uuid": "4a2f3d03-5578-4ecc-b8a4-689210b62a01",
            "id": "browser_source",
            "versioned_id": "browser_source",
            "settings": {
                "url": "https://taikonojiiro.github.io/Taiko_Nojiiro/TaikoNojiiro_JP/OBS%20Studio/Taiko%20For%20OBS%202.png",
                "width": 1920,
                "height": 1080,
                "restart_when_active": false
            },
            "mixers": 255,
            "sync": 0,
            "flags": 0,
            "volume": 1.0,
            "balance": 0.5,
            "enabled": true,
            "muted": false,
            "push-to-mute": false,
            "push-to-mute-delay": 0,
            "push-to-talk": false,
            "push-to-talk-delay": 0,
            "hotkeys": {
                "libobs.mute": [],
                "libobs.unmute": [],
                "libobs.push-to-mute": [],
                "libobs.push-to-talk": [],
                "ObsBrowser.Refresh": []
            },
            "deinterlace_mode": 0,
            "deinterlace_field_order": 0,
            "monitoring_type": 0,
            "private_settings": {}
        },
        {
            "prev_ver": 503382018,
            "name": "L1",
            "uuid": "7df080e2-7eb0-4cdf-93d9-208e8681800d",
            "id": "browser_source",
            "versioned_id": "browser_source",
            "settings": {
                "url": "https://taikonojiiro.github.io/Taiko_Nojiiro/TaikoNojiiro_JP/Songs/1.png",
                "width": 567,
                "height": 800
            },
            "mixers": 255,
            "sync": 0,
            "flags": 0,
            "volume": 1.0,
            "balance": 0.5,
            "enabled": true,
            "muted": false,
            "push-to-mute": false,
            "push-to-mute-delay": 0,
            "push-to-talk": false,
            "push-to-talk-delay": 0,
            "hotkeys": {
                "libobs.mute": [],
                "libobs.unmute": [],
                "libobs.push-to-mute": [],
                "libobs.push-to-talk": [],
                "ObsBrowser.Refresh": []
            },
            "deinterlace_mode": 0,
            "deinterlace_field_order": 0,
            "monitoring_type": 0,
            "private_settings": {}
        },
        {
            "prev_ver": 503382018,
            "name": "L2",
            "uuid": "411c42fb-c3c7-4f86-9c4a-2e3260505c73",
            "id": "browser_source",
            "versioned_id": "browser_source",
            "settings": {
                "url": "https://taikonojiiro.github.io/Taiko_Nojiiro/TaikoNojiiro_JP/Songs/2.png",
                "width": 567,
                "height": 800
            },
            "mixers": 255,
            "sync": 0,
            "flags": 0,
            "volume": 1.0,
            "balance": 0.5,
            "enabled": true,
            "muted": false,
            "push-to-mute": false,
            "push-to-mute-delay": 0,
            "push-to-talk": false,
            "push-to-talk-delay": 0,
            "hotkeys": {
                "libobs.mute": [],
                "libobs.unmute": [],
                "libobs.push-to-mute": [],
                "libobs.push-to-talk": [],
                "ObsBrowser.Refresh": []
            },
            "deinterlace_mode": 0,
            "deinterlace_field_order": 0,
            "monitoring_type": 0,
            "private_settings": {}
        },
        {
            "prev_ver": 503382018,
            "name": "R1",
            "uuid": "c4dd2629-92ad-4e72-96a5-d14f10c1faf5",
            "id": "browser_source",
            "versioned_id": "browser_source",
            "settings": {
                "url": "https://taikonojiiro.github.io/Taiko_Nojiiro/TaikoNojiiro_JP/Songs/3.png",
                "width": 567,
                "height": 800
            },
            "mixers": 255,
            "sync": 0,
            "flags": 0,
            "volume": 1.0,
            "balance": 0.5,
            "enabled": true,
            "muted": false,
            "push-to-mute": false,
            "push-to-mute-delay": 0,
            "push-to-talk": false,
            "push-to-talk-delay": 0,
            "hotkeys": {
                "libobs.mute": [],
                "libobs.unmute": [],
                "libobs.push-to-mute": [],
                "libobs.push-to-talk": [],
                "ObsBrowser.Refresh": []
            },
            "deinterlace_mode": 0,
            "deinterlace_field_order": 0,
            "monitoring_type": 0,
            "private_settings": {}
        },
        {
            "prev_ver": 503382018,
            "name": "R2",
            "uuid": "d132dfd4-1153-4c9d-a8ed-5626503ca355",
            "id": "browser_source",
            "versioned_id": "browser_source",
            "settings": {
                "url": "https://taikonojiiro.github.io/Taiko_Nojiiro/TaikoNojiiro_JP/Songs/4.png",
                "width": 567,
                "height": 800
            },
            "mixers": 255,
            "sync": 0,
            "flags": 0,
            "volume": 1.0,
            "balance": 0.5,
            "enabled": true,
            "muted": false,
            "push-to-mute": false,
            "push-to-mute-delay": 0,
            "push-to-talk": false,
            "push-to-talk-delay": 0,
            "hotkeys": {
                "libobs.mute": [],
                "libobs.unmute": [],
                "libobs.push-to-mute": [],
                "libobs.push-to-talk": [],
                "ObsBrowser.Refresh": []
            },
            "deinterlace_mode": 0,
            "deinterlace_field_order": 0,
            "monitoring_type": 0,
            "private_settings": {}
        },
        {
            "prev_ver": 503382018,
            "name": "Screen",
            "uuid": "cef6f75d-2c01-43ac-b2a7-c3c8463e7b80",
            "id": "window_capture",
            "versioned_id": "window_capture",
            "settings": {
                "window": "Taiko:nuFoundation.Window:Taiko.exe",
                "method": 2,
                "cursor": false,
                "client_area": false
            },
            "mixers": 255,
            "sync": 0,
            "flags": 0,
            "volume": 1.0,
            "balance": 0.5,
            "enabled": true,
            "muted": false,
            "push-to-mute": false,
            "push-to-mute-delay": 0,
            "push-to-talk": false,
            "push-to-talk-delay": 0,
            "hotkeys": {
                "libobs.mute": [],
                "libobs.unmute": [],
                "libobs.push-to-mute": [],
                "libobs.push-to-talk": []
            },
            "deinterlace_mode": 0,
            "deinterlace_field_order": 0,
            "monitoring_type": 0,
            "private_settings": {}
        },
        {
            "prev_ver": 503382018,
            "name": "Taiko 1",
            "uuid": "dc6ea667-e696-4f60-ba6a-b76515f08bed",
            "id": "scene",
            "versioned_id": "scene",
            "settings": {
                "custom_size": false,
                "id_counter": 16,
                "items": [
                    {
                        "name": "Screen",
                        "source_uuid": "cef6f75d-2c01-43ac-b2a7-c3c8463e7b80",
                        "visible": true,
                        "locked": false,
                        "rot": 0.0,
                        "pos": {
                            "x": 0.0,
                            "y": 0.0
                        },
                        "scale": {
                            "x": 1.0,
                            "y": 1.0
                        },
                        "align": 5,
                        "bounds_type": 0,
                        "bounds_align": 0,
                        "bounds_crop": false,
                        "bounds": {
                            "x": 0.0,
                            "y": 0.0
                        },
                        "crop_left": 0,
                        "crop_top": 0,
                        "crop_right": 0,
                        "crop_bottom": 0,
                        "id": 5,
                        "group_item_backup": false,
                        "scale_filter": "disable",
                        "blend_method": "default",
                        "blend_type": "normal",
                        "show_transition": {
                            "duration": 0
                        },
                        "hide_transition": {
                            "duration": 0
                        },
                        "private_settings": {}
                    },
                    {
                        "name": "Audio",
                        "source_uuid": "809a7b21-d189-4922-855e-1badaeea88b0",
                        "visible": true,
                        "locked": false,
                        "rot": 0.0,
                        "pos": {
                            "x": 0.0,
                            "y": 0.0
                        },
                        "scale": {
                            "x": 1.0,
                            "y": 1.0
                        },
                        "align": 5,
                        "bounds_type": 0,
                        "bounds_align": 0,
                        "bounds_crop": false,
                        "bounds": {
                            "x": 0.0,
                            "y": 0.0
                        },
                        "crop_left": 0,
                        "crop_top": 0,
                        "crop_right": 0,
                        "crop_bottom": 0,
                        "id": 6,
                        "group_item_backup": false,
                        "scale_filter": "disable",
                        "blend_method": "default",
                        "blend_type": "normal",
                        "show_transition": {
                            "duration": 0
                        },
                        "hide_transition": {
                            "duration": 0
                        },
                        "private_settings": {}
                    }
                ]
            },
            "mixers": 0,
            "sync": 0,
            "flags": 0,
            "volume": 1.0,
            "balance": 0.5,
            "enabled": true,
            "muted": false,
            "push-to-mute": false,
            "push-to-mute-delay": 0,
            "push-to-talk": false,
            "push-to-talk-delay": 0,
            "hotkeys": {
                "OBSBasic.SelectScene": [],
                "libobs.show_scene_item.5": [],
                "libobs.hide_scene_item.5": [],
                "libobs.show_scene_item.6": [],
                "libobs.hide_scene_item.6": []
            },
            "deinterlace_mode": 0,
            "deinterlace_field_order": 0,
            "monitoring_type": 0,
            "private_settings": {}
        },
        {
            "prev_ver": 503382018,
            "name": "Taiko 2",
            "uuid": "8aed42ab-b188-443c-978b-8db7efa1297b",
            "id": "scene",
            "versioned_id": "scene",
            "settings": {
                "custom_size": false,
                "id_counter": 3,
                "items": [
                    {
                        "name": "IMG",
                        "source_uuid": "3f8fae87-0ead-4680-90f6-cd6ae91041a4",
                        "visible": true,
                        "locked": false,
                        "rot": 0.0,
                        "pos": {
                            "x": 0.0,
                            "y": 0.0
                        },
                        "scale": {
                            "x": 1.0,
                            "y": 1.0
                        },
                        "align": 5,
                        "bounds_type": 0,
                        "bounds_align": 0,
                        "bounds_crop": false,
                        "bounds": {
                            "x": 0.0,
                            "y": 0.0
                        },
                        "crop_left": 0,
                        "crop_top": 0,
                        "crop_right": 0,
                        "crop_bottom": 0,
                        "id": 3,
                        "group_item_backup": false,
                        "scale_filter": "disable",
                        "blend_method": "default",
                        "blend_type": "normal",
                        "show_transition": {
                            "duration": 0
                        },
                        "hide_transition": {
                            "duration": 0
                        },
                        "private_settings": {}
                    },
                    {
                        "name": "Taiko 1",
                        "source_uuid": "dc6ea667-e696-4f60-ba6a-b76515f08bed",
                        "visible": true,
                        "locked": false,
                        "rot": 0.0,
                        "pos": {
                            "x": 284.0,
                            "y": 0.0
                        },
                        "scale": {
                            "x": 0.70208334922790527,
                            "y": 0.70185184478759766
                        },
                        "align": 5,
                        "bounds_type": 0,
                        "bounds_align": 0,
                        "bounds_crop": false,
                        "bounds": {
                            "x": 0.0,
                            "y": 0.0
                        },
                        "crop_left": 0,
                        "crop_top": 0,
                        "crop_right": 0,
                        "crop_bottom": 0,
                        "id": 1,
                        "group_item_backup": false,
                        "scale_filter": "disable",
                        "blend_method": "default",
                        "blend_type": "normal",
                        "show_transition": {
                            "duration": 0
                        },
                        "hide_transition": {
                            "duration": 0
                        },
                        "private_settings": {}
                    }
                ]
            },
            "mixers": 0,
            "sync": 0,
            "flags": 0,
            "volume": 1.0,
            "balance": 0.5,
            "enabled": true,
            "muted": false,
            "push-to-mute": false,
            "push-to-mute-delay": 0,
            "push-to-talk": false,
            "push-to-talk-delay": 0,
            "hotkeys": {
                "OBSBasic.SelectScene": [],
                "libobs.show_scene_item.3": [],
                "libobs.hide_scene_item.3": [],
                "libobs.show_scene_item.1": [],
                "libobs.hide_scene_item.1": []
            },
            "deinterlace_mode": 0,
            "deinterlace_field_order": 0,
            "monitoring_type": 0,
            "private_settings": {}
        },
        {
            "prev_ver": 503382018,
            "name": "Taiko 3",
            "uuid": "4248e588-f6fb-4885-8d44-2755e58559d2",
            "id": "scene",
            "versioned_id": "scene",
            "settings": {
                "id_counter": 7,
                "custom_size": false,
                "items": [
                    {
                        "name": "IMG2",
                        "source_uuid": "4a2f3d03-5578-4ecc-b8a4-689210b62a01",
                        "visible": true,
                        "locked": false,
                        "rot": 0.0,
                        "pos": {
                            "x": 0.0,
                            "y": 0.0
                        },
                        "scale": {
                            "x": 1.0,
                            "y": 1.0
                        },
                        "align": 5,
                        "bounds_type": 0,
                        "bounds_align": 0,
                        "bounds_crop": false,
                        "bounds": {
                            "x": 0.0,
                            "y": 0.0
                        },
                        "crop_left": 0,
                        "crop_top": 0,
                        "crop_right": 0,
                        "crop_bottom": 0,
                        "id": 1,
                        "group_item_backup": false,
                        "scale_filter": "disable",
                        "blend_method": "default",
                        "blend_type": "normal",
                        "show_transition": {
                            "duration": 0
                        },
                        "hide_transition": {
                            "duration": 0
                        },
                        "private_settings": {}
                    },
                    {
                        "name": "L1",
                        "source_uuid": "7df080e2-7eb0-4cdf-93d9-208e8681800d",
                        "visible": true,
                        "locked": false,
                        "rot": 0.0,
                        "pos": {
                            "x": 0.0,
                            "y": 0.0
                        },
                        "scale": {
                            "x": 0.50617283582687378,
                            "y": 0.50625002384185791
                        },
                        "align": 5,
                        "bounds_type": 0,
                        "bounds_align": 0,
                        "bounds_crop": false,
                        "bounds": {
                            "x": 1.0,
                            "y": 1.0
                        },
                        "crop_left": 0,
                        "crop_top": 0,
                        "crop_right": 0,
                        "crop_bottom": 0,
                        "id": 4,
                        "group_item_backup": false,
                        "scale_filter": "disable",
                        "blend_method": "default",
                        "blend_type": "normal",
                        "show_transition": {
                            "duration": 0
                        },
                        "hide_transition": {
                            "duration": 0
                        },
                        "private_settings": {}
                    },
                    {
                        "name": "L2",
                        "source_uuid": "411c42fb-c3c7-4f86-9c4a-2e3260505c73",
                        "visible": true,
                        "locked": false,
                        "rot": 0.0,
                        "pos": {
                            "x": 0.0,
                            "y": 405.00003051757812
                        },
                        "scale": {
                            "x": 0.50617283582687378,
                            "y": 0.50625002384185791
                        },
                        "align": 5,
                        "bounds_type": 0,
                        "bounds_align": 0,
                        "bounds_crop": false,
                        "bounds": {
                            "x": 1.0,
                            "y": 1.0
                        },
                        "crop_left": 0,
                        "crop_top": 0,
                        "crop_right": 0,
                        "crop_bottom": 0,
                        "id": 5,
                        "group_item_backup": false,
                        "scale_filter": "disable",
                        "blend_method": "default",
                        "blend_type": "normal",
                        "show_transition": {
                            "duration": 0
                        },
                        "hide_transition": {
                            "duration": 0
                        },
                        "private_settings": {}
                    },
                    {
                        "name": "R1",
                        "source_uuid": "c4dd2629-92ad-4e72-96a5-d14f10c1faf5",
                        "visible": true,
                        "locked": false,
                        "rot": 0.0,
                        "pos": {
                            "x": 1633.0,
                            "y": 0.0
                        },
                        "scale": {
                            "x": 0.50617283582687378,
                            "y": 0.50625002384185791
                        },
                        "align": 5,
                        "bounds_type": 0,
                        "bounds_align": 0,
                        "bounds_crop": false,
                        "bounds": {
                            "x": 1.0,
                            "y": 1.0
                        },
                        "crop_left": 0,
                        "crop_top": 0,
                        "crop_right": 0,
                        "crop_bottom": 0,
                        "id": 6,
                        "group_item_backup": false,
                        "scale_filter": "disable",
                        "blend_method": "default",
                        "blend_type": "normal",
                        "show_transition": {
                            "duration": 0
                        },
                        "hide_transition": {
                            "duration": 0
                        },
                        "private_settings": {}
                    },
                    {
                        "name": "R2",
                        "source_uuid": "d132dfd4-1153-4c9d-a8ed-5626503ca355",
                        "visible": true,
                        "locked": false,
                        "rot": 0.0,
                        "pos": {
                            "x": 1633.0,
                            "y": 405.00003051757812
                        },
                        "scale": {
                            "x": 0.50617283582687378,
                            "y": 0.50625002384185791
                        },
                        "align": 5,
                        "bounds_type": 0,
                        "bounds_align": 0,
                        "bounds_crop": false,
                        "bounds": {
                            "x": 1.0,
                            "y": 1.0
                        },
                        "crop_left": 0,
                        "crop_top": 0,
                        "crop_right": 0,
                        "crop_bottom": 0,
                        "id": 7,
                        "group_item_backup": false,
                        "scale_filter": "disable",
                        "blend_method": "default",
                        "blend_type": "normal",
                        "show_transition": {
                            "duration": 0
                        },
                        "hide_transition": {
                            "duration": 0
                        },
                        "private_settings": {}
                    },
                    {
                        "name": "Taiko 1",
                        "source_uuid": "dc6ea667-e696-4f60-ba6a-b76515f08bed",
                        "visible": true,
                        "locked": false,
                        "rot": 0.0,
                        "pos": {
                            "x": 287.0,
                            "y": 0.0
                        },
                        "scale": {
                            "x": 0.70208334922790527,
                            "y": 0.70185184478759766
                        },
                        "align": 5,
                        "bounds_type": 0,
                        "bounds_align": 0,
                        "bounds_crop": false,
                        "bounds": {
                            "x": 1.0,
                            "y": 1.0
                        },
                        "crop_left": 0,
                        "crop_top": 0,
                        "crop_right": 0,
                        "crop_bottom": 0,
                        "id": 2,
                        "group_item_backup": false,
                        "scale_filter": "disable",
                        "blend_method": "default",
                        "blend_type": "normal",
                        "show_transition": {
                            "duration": 0
                        },
                        "hide_transition": {
                            "duration": 0
                        },
                        "private_settings": {}
                    }
                ]
            },
            "mixers": 0,
            "sync": 0,
            "flags": 0,
            "volume": 1.0,
            "balance": 0.5,
            "enabled": true,
            "muted": false,
            "push-to-mute": false,
            "push-to-mute-delay": 0,
            "push-to-talk": false,
            "push-to-talk-delay": 0,
            "hotkeys": {
                "OBSBasic.SelectScene": [],
                "libobs.show_scene_item.1": [],
                "libobs.hide_scene_item.1": [],
                "libobs.show_scene_item.4": [],
                "libobs.hide_scene_item.4": [],
                "libobs.show_scene_item.5": [],
                "libobs.hide_scene_item.5": [],
                "libobs.show_scene_item.6": [],
                "libobs.hide_scene_item.6": [],
                "libobs.show_scene_item.7": [],
                "libobs.hide_scene_item.7": [],
                "libobs.show_scene_item.2": [],
                "libobs.hide_scene_item.2": []
            },
            "deinterlace_mode": 0,
            "deinterlace_field_order": 0,
            "monitoring_type": 0,
            "private_settings": {}
        }
    ]
}